,Compactness,S_Surface,S_Wall,S_Roof,Overall_Height,S_Glazing,Heating Load,Cooling Load,Orientation_2,Orientation_3,Orientation_4,Orientation_5,Glass_0,Glass_1,Glass_2,Glass_3,Glass_4,Glass_5
0,0.98,514.5,294.0,110.25,1,0.0,15.55,21.33,1,0,0,0,1,0,0,0,0,0
1,0.98,514.5,294.0,110.25,1,0.0,15.55,21.33,0,1,0,0,1,0,0,0,0,0
2,0.98,514.5,294.0,110.25,1,0.0,15.55,21.33,0,0,1,0,1,0,0,0,0,0
3,0.98,514.5,294.0,110.25,1,0.0,15.55,21.33,0,0,0,1,1,0,0,0,0,0
4,0.9,563.5,318.5,122.5,1,0.0,20.84,28.28,1,0,0,0,1,0,0,0,0,0
5,0.9,563.5,318.5,122.5,1,0.0,21.46,25.38,0,1,0,0,1,0,0,0,0,0
6,0.9,563.5,318.5,122.5,1,0.0,20.71,25.16,0,0,1,0,1,0,0,0,0,0
7,0.9,563.5,318.5,122.5,1,0.0,19.68,29.6,0,0,0,1,1,0,0,0,0,0
8,0.86,588.0,294.0,147.0,1,0.0,19.5,27.3,1,0,0,0,1,0,0,0,0,0
9,0.86,588.0,294.0,147.0,1,0.0,19.95,21.97,0,1,0,0,1,0,0,0,0,0
10,0.86,588.0,294.0,147.0,1,0.0,19.34,23.49,0,0,1,0,1,0,0,0,0,0
11,0.86,588.0,294.0,147.0,1,0.0,18.31,27.87,0,0,0,1,1,0,0,0,0,0
12,0.82,612.5,318.5,147.0,1,0.0,17.05,23.77,1,0,0,0,1,0,0,0,0,0
13,0.82,612.5,318.5,147.0,1,0.0,17.41,21.46,0,1,0,0,1,0,0,0,0,0
14,0.82,612.5,318.5,147.0,1,0.0,16.95,21.16,0,0,1,0,1,0,0,0,0,0
15,0.82,612.5,318.5,147.0,1,0.0,15.98,24.93,0,0,0,1,1,0,0,0,0,0
16,0.79,637.0,343.0,147.0,1,0.0,28.52,37.73,1,0,0,0,1,0,0,0,0,0
17,0.79,637.0,343.0,147.0,1,0.0,29.9,31.27,0,1,0,0,1,0,0,0,0,0
18,0.79,637.0,343.0,147.0,1,0.0,29.63,30.93,0,0,1,0,1,0,0,0,0,0
19,0.79,637.0,343.0,147.0,1,0.0,28.75,39.44,0,0,0,1,1,0,0,0,0,0
20,0.76,661.5,416.5,122.5,1,0.0,24.77,29.79,1,0,0,0,1,0,0,0,0,0
21,0.76,661.5,416.5,122.5,1,0.0,23.93,29.68,0,1,0,0,1,0,0,0,0,0
22,0.76,661.5,416.5,122.5,1,0.0,24.77,29.79,0,0,1,0,1,0,0,0,0,0
23,0.76,661.5,416.5,122.5,1,0.0,23.93,29.4,0,0,0,1,1,0,0,0,0,0
24,0.74,686.0,245.0,220.5,0,0.0,6.07,10.9,1,0,0,0,1,0,0,0,0,0
25,0.74,686.0,245.0,220.5,0,0.0,6.05,11.19,0,1,0,0,1,0,0,0,0,0
26,0.74,686.0,245.0,220.5,0,0.0,6.01,10.94,0,0,1,0,1,0,0,0,0,0
27,0.74,686.0,245.0,220.5,0,0.0,6.04,11.17,0,0,0,1,1,0,0,0,0,0
28,0.71,710.5,269.5,220.5,0,0.0,6.37,11.27,1,0,0,0,1,0,0,0,0,0
29,0.71,710.5,269.5,220.5,0,0.0,6.4,11.72,0,1,0,0,1,0,0,0,0,0
30,0.71,710.5,269.5,220.5,0,0.0,6.37,11.29,0,0,1,0,1,0,0,0,0,0
31,0.71,710.5,269.5,220.5,0,0.0,6.4,11.67,0,0,0,1,1,0,0,0,0,0
32,0.69,735.0,294.0,220.5,0,0.0,6.85,11.74,1,0,0,0,1,0,0,0,0,0
33,0.69,735.0,294.0,220.5,0,0.0,6.79,12.05,0,1,0,0,1,0,0,0,0,0
34,0.69,735.0,294.0,220.5,0,0.0,6.77,11.73,0,0,1,0,1,0,0,0,0,0
35,0.69,735.0,294.0,220.5,0,0.0,6.81,11.93,0,0,0,1,1,0,0,0,0,0
36,0.66,759.5,318.5,220.5,0,0.0,7.18,12.4,1,0,0,0,1,0,0,0,0,0
37,0.66,759.5,318.5,220.5,0,0.0,7.1,12.23,0,1,0,0,1,0,0,0,0,0
38,0.66,759.5,318.5,220.5,0,0.0,7.1,12.4,0,0,1,0,1,0,0,0,0,0
39,0.66,759.5,318.5,220.5,0,0.0,7.1,12.14,0,0,0,1,1,0,0,0,0,0
40,0.64,784.0,343.0,220.5,0,0.0,10.85,16.78,1,0,0,0,1,0,0,0,0,0
41,0.64,784.0,343.0,220.5,0,0.0,10.54,16.8,0,1,0,0,1,0,0,0,0,0
42,0.64,784.0,343.0,220.5,0,0.0,10.77,16.75,0,0,1,0,1,0,0,0,0,0
43,0.64,784.0,343.0,220.5,0,0.0,10.56,16.67,0,0,0,1,1,0,0,0,0,0
44,0.62,808.5,367.5,220.5,0,0.0,8.6,12.07,1,0,0,0,1,0,0,0,0,0
45,0.62,808.5,367.5,220.5,0,0.0,8.49,12.22,0,1,0,0,1,0,0,0,0,0
46,0.62,808.5,367.5,220.5,0,0.0,8.45,12.08,0,0,1,0,1,0,0,0,0,0
47,0.62,808.5,367.5,220.5,0,0.0,8.5,12.04,0,0,0,1,1,0,0,0,0,0
48,0.98,514.5,294.0,110.25,1,0.1,24.58,26.47,1,0,0,0,0,1,0,0,0,0
49,0.98,514.5,294.0,110.25,1,0.1,24.63,26.37,0,1,0,0,0,1,0,0,0,0
50,0.98,514.5,294.0,110.25,1,0.1,24.63,26.44,0,0,1,0,0,1,0,0,0,0
51,0.98,514.5,294.0,110.25,1,0.1,24.59,26.29,0,0,0,1,0,1,0,0,0,0
52,0.9,563.5,318.5,122.5,1,0.1,29.03,32.92,1,0,0,0,0,1,0,0,0,0
53,0.9,563.5,318.5,122.5,1,0.1,29.87,29.87,0,1,0,0,0,1,0,0,0,0
54,0.9,563.5,318.5,122.5,1,0.1,29.14,29.58,0,0,1,0,0,1,0,0,0,0
55,0.9,563.5,318.5,122.5,1,0.1,28.09,34.33,0,0,0,1,0,1,0,0,0,0
56,0.86,588.0,294.0,147.0,1,0.1,26.28,30.89,1,0,0,0,0,1,0,0,0,0
57,0.86,588.0,294.0,147.0,1,0.1,26.91,25.6,0,1,0,0,0,1,0,0,0,0
58,0.86,588.0,294.0,147.0,1,0.1,26.37,27.03,0,0,1,0,0,1,0,0,0,0
59,0.86,588.0,294.0,147.0,1,0.1,25.27,31.73,0,0,0,1,0,1,0,0,0,0
60,0.82,612.5,318.5,147.0,1,0.1,23.53,27.31,1,0,0,0,0,1,0,0,0,0
61,0.82,612.5,318.5,147.0,1,0.1,24.03,24.91,0,1,0,0,0,1,0,0,0,0
62,0.82,612.5,318.5,147.0,1,0.1,23.54,24.61,0,0,1,0,0,1,0,0,0,0
63,0.82,612.5,318.5,147.0,1,0.1,22.58,28.51,0,0,0,1,0,1,0,0,0,0
64,0.79,637.0,343.0,147.0,1,0.1,35.56,41.68,1,0,0,0,0,1,0,0,0,0
65,0.79,637.0,343.0,147.0,1,0.1,37.12,35.28,0,1,0,0,0,1,0,0,0,0
66,0.79,637.0,343.0,147.0,1,0.1,36.9,34.43,0,0,1,0,0,1,0,0,0,0
67,0.79,637.0,343.0,147.0,1,0.1,35.94,43.33,0,0,0,1,0,1,0,0,0,0
68,0.76,661.5,416.5,122.5,1,0.1,32.96,33.87,1,0,0,0,0,1,0,0,0,0
69,0.76,661.5,416.5,122.5,1,0.1,32.12,34.07,0,1,0,0,0,1,0,0,0,0
70,0.76,661.5,416.5,122.5,1,0.1,32.94,34.14,0,0,1,0,0,1,0,0,0,0
71,0.76,661.5,416.5,122.5,1,0.1,32.21,33.67,0,0,0,1,0,1,0,0,0,0
72,0.74,686.0,245.0,220.5,0,0.1,10.36,13.43,1,0,0,0,0,1,0,0,0,0
73,0.74,686.0,245.0,220.5,0,0.1,10.43,13.71,0,1,0,0,0,1,0,0,0,0
74,0.74,686.0,245.0,220.5,0,0.1,10.36,13.48,0,0,1,0,0,1,0,0,0,0
75,0.74,686.0,245.0,220.5,0,0.1,10.39,13.7,0,0,0,1,0,1,0,0,0,0
76,0.71,710.5,269.5,220.5,0,0.1,10.71,13.8,1,0,0,0,0,1,0,0,0,0
77,0.71,710.5,269.5,220.5,0,0.1,10.8,14.28,0,1,0,0,0,1,0,0,0,0
78,0.71,710.5,269.5,220.5,0,0.1,10.7,13.87,0,0,1,0,0,1,0,0,0,0
79,0.71,710.5,269.5,220.5,0,0.1,10.75,14.27,0,0,0,1,0,1,0,0,0,0
80,0.69,735.0,294.0,220.5,0,0.1,11.11,14.28,1,0,0,0,0,1,0,0,0,0
81,0.69,735.0,294.0,220.5,0,0.1,11.13,14.61,0,1,0,0,0,1,0,0,0,0
82,0.69,735.0,294.0,220.5,0,0.1,11.09,14.3,0,0,1,0,0,1,0,0,0,0
83,0.69,735.0,294.0,220.5,0,0.1,11.16,14.45,0,0,0,1,0,1,0,0,0,0
84,0.66,759.5,318.5,220.5,0,0.1,11.68,13.9,1,0,0,0,0,1,0,0,0,0
85,0.66,759.5,318.5,220.5,0,0.1,11.69,13.72,0,1,0,0,0,1,0,0,0,0
86,0.66,759.5,318.5,220.5,0,0.1,11.7,13.88,0,0,1,0,0,1,0,0,0,0
87,0.66,759.5,318.5,220.5,0,0.1,11.69,13.65,0,0,0,1,0,1,0,0,0,0
88,0.64,784.0,343.0,220.5,0,0.1,15.41,19.37,1,0,0,0,0,1,0,0,0,0
89,0.64,784.0,343.0,220.5,0,0.1,15.2,19.43,0,1,0,0,0,1,0,0,0,0
90,0.64,784.0,343.0,220.5,0,0.1,15.42,19.34,0,0,1,0,0,1,0,0,0,0
91,0.64,784.0,343.0,220.5,0,0.1,15.21,19.32,0,0,0,1,0,1,0,0,0,0
92,0.62,808.5,367.5,220.5,0,0.1,12.96,14.34,1,0,0,0,0,1,0,0,0,0
93,0.62,808.5,367.5,220.5,0,0.1,12.97,14.5,0,1,0,0,0,1,0,0,0,0
94,0.62,808.5,367.5,220.5,0,0.1,12.93,14.33,0,0,1,0,0,1,0,0,0,0
95,0.62,808.5,367.5,220.5,0,0.1,13.02,14.27,0,0,0,1,0,1,0,0,0,0
96,0.98,514.5,294.0,110.25,1,0.1,24.29,25.95,1,0,0,0,0,0,1,0,0,0
97,0.98,514.5,294.0,110.25,1,0.1,24.31,25.63,0,1,0,0,0,0,1,0,0,0
98,0.98,514.5,294.0,110.25,1,0.1,24.13,26.13,0,0,1,0,0,0,1,0,0,0
99,0.98,514.5,294.0,110.25,1,0.1,24.25,25.89,0,0,0,1,0,0,1,0,0,0
100,0.9,563.5,318.5,122.5,1,0.1,28.88,32.54,1,0,0,0,0,0,1,0,0,0
101,0.9,563.5,318.5,122.5,1,0.1,29.68,29.44,0,1,0,0,0,0,1,0,0,0
102,0.9,563.5,318.5,122.5,1,0.1,28.83,29.36,0,0,1,0,0,0,1,0,0,0
103,0.9,563.5,318.5,122.5,1,0.1,27.9,34.2,0,0,0,1,0,0,1,0,0,0
104,0.86,588.0,294.0,147.0,1,0.1,26.48,30.91,1,0,0,0,0,0,1,0,0,0
105,0.86,588.0,294.0,147.0,1,0.1,27.02,25.63,0,1,0,0,0,0,1,0,0,0
106,0.86,588.0,294.0,147.0,1,0.1,26.33,27.36,0,0,1,0,0,0,1,0,0,0
107,0.86,588.0,294.0,147.0,1,0.1,25.36,31.9,0,0,0,1,0,0,1,0,0,0
108,0.82,612.5,318.5,147.0,1,0.1,23.75,27.38,1,0,0,0,0,0,1,0,0,0
109,0.82,612.5,318.5,147.0,1,0.1,24.23,25.02,0,1,0,0,0,0,1,0,0,0
110,0.82,612.5,318.5,147.0,1,0.1,23.67,24.8,0,0,1,0,0,0,1,0,0,0
111,0.82,612.5,318.5,147.0,1,0.1,22.79,28.79,0,0,0,1,0,0,1,0,0,0
112,0.79,637.0,343.0,147.0,1,0.1,35.65,41.07,1,0,0,0,0,0,1,0,0,0
113,0.79,637.0,343.0,147.0,1,0.1,37.26,34.62,0,1,0,0,0,0,1,0,0,0
114,0.79,637.0,343.0,147.0,1,0.1,36.97,33.87,0,0,1,0,0,0,1,0,0,0
115,0.79,637.0,343.0,147.0,1,0.1,36.03,42.86,0,0,0,1,0,0,1,0,0,0
116,0.76,661.5,416.5,122.5,1,0.1,33.16,33.91,1,0,0,0,0,0,1,0,0,0
117,0.76,661.5,416.5,122.5,1,0.1,32.4,34.07,0,1,0,0,0,0,1,0,0,0
118,0.76,661.5,416.5,122.5,1,0.1,33.12,34.17,0,0,1,0,0,0,1,0,0,0
119,0.76,661.5,416.5,122.5,1,0.1,32.41,33.78,0,0,0,1,0,0,1,0,0,0
120,0.74,686.0,245.0,220.5,0,0.1,10.42,13.39,1,0,0,0,0,0,1,0,0,0
121,0.74,686.0,245.0,220.5,0,0.1,10.46,13.72,0,1,0,0,0,0,1,0,0,0
122,0.74,686.0,245.0,220.5,0,0.1,10.32,13.57,0,0,1,0,0,0,1,0,0,0
123,0.74,686.0,245.0,220.5,0,0.1,10.45,13.79,0,0,0,1,0,0,1,0,0,0
124,0.71,710.5,269.5,220.5,0,0.1,10.64,13.67,1,0,0,0,0,0,1,0,0,0
125,0.71,710.5,269.5,220.5,0,0.1,10.72,14.11,0,1,0,0,0,0,1,0,0,0
126,0.71,710.5,269.5,220.5,0,0.1,10.55,13.8,0,0,1,0,0,0,1,0,0,0
127,0.71,710.5,269.5,220.5,0,0.1,10.68,14.21,0,0,0,1,0,0,1,0,0,0
128,0.69,735.0,294.0,220.5,0,0.1,11.45,13.2,1,0,0,0,0,0,1,0,0,0
129,0.69,735.0,294.0,220.5,0,0.1,11.46,13.54,0,1,0,0,0,0,1,0,0,0
130,0.69,735.0,294.0,220.5,0,0.1,11.32,13.32,0,0,1,0,0,0,1,0,0,0
131,0.69,735.0,294.0,220.5,0,0.1,11.49,13.51,0,0,0,1,0,0,1,0,0,0
132,0.66,759.5,318.5,220.5,0,0.1,11.45,14.86,1,0,0,0,0,0,1,0,0,0
133,0.66,759.5,318.5,220.5,0,0.1,11.42,14.75,0,1,0,0,0,0,1,0,0,0
134,0.66,759.5,318.5,220.5,0,0.1,11.33,15.0,0,0,1,0,0,0,1,0,0,0
135,0.66,759.5,318.5,220.5,0,0.1,11.43,14.74,0,0,0,1,0,0,1,0,0,0
136,0.64,784.0,343.0,220.5,0,0.1,15.41,19.23,1,0,0,0,0,0,1,0,0,0
137,0.64,784.0,343.0,220.5,0,0.1,15.18,19.34,0,1,0,0,0,0,1,0,0,0
138,0.64,784.0,343.0,220.5,0,0.1,15.34,19.32,0,0,1,0,0,0,1,0,0,0
139,0.64,784.0,343.0,220.5,0,0.1,15.19,19.3,0,0,0,1,0,0,1,0,0,0
140,0.62,808.5,367.5,220.5,0,0.1,12.88,14.37,1,0,0,0,0,0,1,0,0,0
141,0.62,808.5,367.5,220.5,0,0.1,13.0,14.57,0,1,0,0,0,0,1,0,0,0
142,0.62,808.5,367.5,220.5,0,0.1,12.97,14.27,0,0,1,0,0,0,1,0,0,0
143,0.62,808.5,367.5,220.5,0,0.1,13.04,14.24,0,0,0,1,0,0,1,0,0,0
144,0.98,514.5,294.0,110.25,1,0.1,24.28,25.68,1,0,0,0,0,0,0,1,0,0
145,0.98,514.5,294.0,110.25,1,0.1,24.4,26.02,0,1,0,0,0,0,0,1,0,0
146,0.98,514.5,294.0,110.25,1,0.1,24.11,25.84,0,0,1,0,0,0,0,1,0,0
147,0.98,514.5,294.0,110.25,1,0.1,24.35,26.14,0,0,0,1,0,0,0,1,0,0
148,0.9,563.5,318.5,122.5,1,0.1,28.07,34.14,1,0,0,0,0,0,0,1,0,0
149,0.9,563.5,318.5,122.5,1,0.1,29.01,32.85,0,1,0,0,0,0,0,1,0,0
150,0.9,563.5,318.5,122.5,1,0.1,29.62,30.08,0,0,1,0,0,0,0,1,0,0
151,0.9,563.5,318.5,122.5,1,0.1,29.05,29.67,0,0,0,1,0,0,0,1,0,0
152,0.86,588.0,294.0,147.0,1,0.1,25.41,31.73,1,0,0,0,0,0,0,1,0,0
153,0.86,588.0,294.0,147.0,1,0.1,26.47,31.01,0,1,0,0,0,0,0,1,0,0
154,0.86,588.0,294.0,147.0,1,0.1,26.89,25.9,0,0,1,0,0,0,0,1,0,0
155,0.86,588.0,294.0,147.0,1,0.1,26.46,27.4,0,0,0,1,0,0,0,1,0,0
156,0.82,612.5,318.5,147.0,1,0.1,22.93,28.68,1,0,0,0,0,0,0,1,0,0
157,0.82,612.5,318.5,147.0,1,0.1,23.84,27.54,0,1,0,0,0,0,0,1,0,0
158,0.82,612.5,318.5,147.0,1,0.1,24.17,25.35,0,0,1,0,0,0,0,1,0,0
159,0.82,612.5,318.5,147.0,1,0.1,23.87,24.93,0,0,0,1,0,0,0,1,0,0
160,0.79,637.0,343.0,147.0,1,0.1,35.78,43.12,1,0,0,0,0,0,0,1,0,0
161,0.79,637.0,343.0,147.0,1,0.1,35.48,41.22,0,1,0,0,0,0,0,1,0,0
162,0.79,637.0,343.0,147.0,1,0.1,36.97,35.1,0,0,1,0,0,0,0,1,0,0
163,0.79,637.0,343.0,147.0,1,0.1,36.7,34.29,0,0,0,1,0,0,0,1,0,0
164,0.76,661.5,416.5,122.5,1,0.1,32.52,33.85,1,0,0,0,0,0,0,1,0,0
165,0.76,661.5,416.5,122.5,1,0.1,33.28,34.11,0,1,0,0,0,0,0,1,0,0
166,0.76,661.5,416.5,122.5,1,0.1,32.33,34.48,0,0,1,0,0,0,0,1,0,0
167,0.76,661.5,416.5,122.5,1,0.1,33.24,34.5,0,0,0,1,0,0,0,1,0,0
168,0.74,686.0,245.0,220.5,0,0.1,10.39,13.6,1,0,0,0,0,0,0,1,0,0
169,0.74,686.0,245.0,220.5,0,0.1,10.34,13.36,0,1,0,0,0,0,0,1,0,0
170,0.74,686.0,245.0,220.5,0,0.1,10.35,13.65,0,0,1,0,0,0,0,1,0,0
171,0.74,686.0,245.0,220.5,0,0.1,10.38,13.49,0,0,0,1,0,0,0,1,0,0
172,0.71,710.5,269.5,220.5,0,0.1,10.77,14.14,1,0,0,0,0,0,0,1,0,0
173,0.71,710.5,269.5,220.5,0,0.1,10.68,13.77,0,1,0,0,0,0,0,1,0,0
174,0.71,710.5,269.5,220.5,0,0.1,10.68,14.3,0,0,1,0,0,0,0,1,0,0
175,0.71,710.5,269.5,220.5,0,0.1,10.7,13.87,0,0,0,1,0,0,0,1,0,0
176,0.69,735.0,294.0,220.5,0,0.1,11.22,14.44,1,0,0,0,0,0,0,1,0,0
177,0.69,735.0,294.0,220.5,0,0.1,11.16,14.27,0,1,0,0,0,0,0,1,0,0
178,0.69,735.0,294.0,220.5,0,0.1,11.1,14.67,0,0,1,0,0,0,0,1,0,0
179,0.69,735.0,294.0,220.5,0,0.1,11.14,14.4,0,0,0,1,0,0,0,1,0,0
180,0.66,759.5,318.5,220.5,0,0.1,11.59,13.46,1,0,0,0,0,0,0,1,0,0
181,0.66,759.5,318.5,220.5,0,0.1,11.6,13.7,0,1,0,0,0,0,0,1,0,0
182,0.66,759.5,318.5,220.5,0,0.1,11.53,13.59,0,0,1,0,0,0,0,1,0,0
183,0.66,759.5,318.5,220.5,0,0.1,11.61,13.83,0,0,0,1,0,0,0,1,0,0
184,0.64,784.0,343.0,220.5,0,0.1,15.16,19.14,1,0,0,0,0,0,0,1,0,0
185,0.64,784.0,343.0,220.5,0,0.1,15.36,19.18,0,1,0,0,0,0,0,1,0,0
186,0.64,784.0,343.0,220.5,0,0.1,15.12,19.37,0,0,1,0,0,0,0,1,0,0
187,0.64,784.0,343.0,220.5,0,0.1,15.36,19.29,0,0,0,1,0,0,0,1,0,0
188,0.62,808.5,367.5,220.5,0,0.1,12.68,14.09,1,0,0,0,0,0,0,1,0,0
189,0.62,808.5,367.5,220.5,0,0.1,12.63,14.23,0,1,0,0,0,0,0,1,0,0
190,0.62,808.5,367.5,220.5,0,0.1,12.71,14.14,0,0,1,0,0,0,0,1,0,0
191,0.62,808.5,367.5,220.5,0,0.1,12.73,13.89,0,0,0,1,0,0,0,1,0,0
192,0.98,514.5,294.0,110.25,1,0.1,24.38,25.91,1,0,0,0,0,0,0,0,1,0
193,0.98,514.5,294.0,110.25,1,0.1,24.23,25.72,0,1,0,0,0,0,0,0,1,0
194,0.98,514.5,294.0,110.25,1,0.1,24.04,26.18,0,0,1,0,0,0,0,0,1,0
195,0.98,514.5,294.0,110.25,1,0.1,24.32,25.87,0,0,0,1,0,0,0,0,1,0
196,0.9,563.5,318.5,122.5,1,0.1,29.06,29.34,1,0,0,0,0,0,0,0,1,0
197,0.9,563.5,318.5,122.5,1,0.1,28.05,33.91,0,1,0,0,0,0,0,0,1,0
198,0.9,563.5,318.5,122.5,1,0.1,28.86,32.83,0,0,1,0,0,0,0,0,1,0
199,0.9,563.5,318.5,122.5,1,0.1,29.79,29.92,0,0,0,1,0,0,0,0,1,0
200,0.86,588.0,294.0,147.0,1,0.1,26.44,27.17,1,0,0,0,0,0,0,0,1,0
201,0.86,588.0,294.0,147.0,1,0.1,25.37,31.76,0,1,0,0,0,0,0,0,1,0
202,0.86,588.0,294.0,147.0,1,0.1,26.33,31.06,0,0,1,0,0,0,0,0,1,0
203,0.86,588.0,294.0,147.0,1,0.1,27.03,25.81,0,0,0,1,0,0,0,0,1,0
204,0.82,612.5,318.5,147.0,1,0.1,23.8,24.61,1,0,0,0,0,0,0,0,1,0
205,0.82,612.5,318.5,147.0,1,0.1,22.8,28.61,0,1,0,0,0,0,0,0,1,0
206,0.82,612.5,318.5,147.0,1,0.1,23.59,27.57,0,0,1,0,0,0,0,0,1,0
207,0.82,612.5,318.5,147.0,1,0.1,24.24,25.16,0,0,0,1,0,0,0,0,1,0
208,0.79,637.0,343.0,147.0,1,0.1,36.86,34.25,1,0,0,0,0,0,0,0,1,0
209,0.79,637.0,343.0,147.0,1,0.1,35.89,43.3,0,1,0,0,0,0,0,0,1,0
210,0.79,637.0,343.0,147.0,1,0.1,35.45,41.86,0,0,1,0,0,0,0,0,1,0
211,0.79,637.0,343.0,147.0,1,0.1,37.1,35.29,0,0,0,1,0,0,0,0,1,0
212,0.76,661.5,416.5,122.5,1,0.1,33.08,34.11,1,0,0,0,0,0,0,0,1,0
213,0.76,661.5,416.5,122.5,1,0.1,32.38,33.62,0,1,0,0,0,0,0,0,1,0
214,0.76,661.5,416.5,122.5,1,0.1,33.09,33.89,0,0,1,0,0,0,0,0,1,0
215,0.76,661.5,416.5,122.5,1,0.1,32.31,34.05,0,0,0,1,0,0,0,0,1,0
216,0.74,686.0,245.0,220.5,0,0.1,10.08,13.2,1,0,0,0,0,0,0,0,1,0
217,0.74,686.0,245.0,220.5,0,0.1,10.15,13.36,0,1,0,0,0,0,0,0,1,0
218,0.74,686.0,245.0,220.5,0,0.1,10.07,13.21,0,0,1,0,0,0,0,0,1,0
219,0.74,686.0,245.0,220.5,0,0.1,10.14,13.53,0,0,0,1,0,0,0,0,1,0
220,0.71,710.5,269.5,220.5,0,0.1,10.66,13.67,1,0,0,0,0,0,0,0,1,0
221,0.71,710.5,269.5,220.5,0,0.1,10.68,14.12,0,1,0,0,0,0,0,0,1,0
222,0.71,710.5,269.5,220.5,0,0.1,10.53,13.79,0,0,1,0,0,0,0,0,1,0
223,0.71,710.5,269.5,220.5,0,0.1,10.72,14.2,0,0,0,1,0,0,0,0,1,0
224,0.69,735.0,294.0,220.5,0,0.1,11.18,14.29,1,0,0,0,0,0,0,0,1,0
225,0.69,735.0,294.0,220.5,0,0.1,11.22,14.49,0,1,0,0,0,0,0,0,1,0
226,0.69,735.0,294.0,220.5,0,0.1,11.07,14.42,0,0,1,0,0,0,0,0,1,0
227,0.69,735.0,294.0,220.5,0,0.1,11.2,14.73,0,0,0,1,0,0,0,0,1,0
228,0.66,759.5,318.5,220.5,0,0.1,11.44,14.86,1,0,0,0,0,0,0,0,1,0
229,0.66,759.5,318.5,220.5,0,0.1,11.42,14.67,0,1,0,0,0,0,0,0,1,0
230,0.66,759.5,318.5,220.5,0,0.1,11.33,15.0,0,0,1,0,0,0,0,0,1,0
231,0.66,759.5,318.5,220.5,0,0.1,11.43,14.83,0,0,0,1,0,0,0,0,1,0
232,0.64,784.0,343.0,220.5,0,0.1,15.4,19.24,1,0,0,0,0,0,0,0,1,0
233,0.64,784.0,343.0,220.5,0,0.1,15.19,19.25,0,1,0,0,0,0,0,0,1,0
234,0.64,784.0,343.0,220.5,0,0.1,15.32,19.42,0,0,1,0,0,0,0,0,1,0
235,0.64,784.0,343.0,220.5,0,0.1,15.16,19.48,0,0,0,1,0,0,0,0,1,0
236,0.62,808.5,367.5,220.5,0,0.1,12.85,14.37,1,0,0,0,0,0,0,0,1,0
237,0.62,808.5,367.5,220.5,0,0.1,13.04,14.34,0,1,0,0,0,0,0,0,1,0
238,0.62,808.5,367.5,220.5,0,0.1,13.0,14.28,0,0,1,0,0,0,0,0,1,0
239,0.62,808.5,367.5,220.5,0,0.1,13.0,14.47,0,0,0,1,0,0,0,0,1,0
240,0.98,514.5,294.0,110.25,1,0.1,24.35,25.64,1,0,0,0,0,0,0,0,0,1
241,0.98,514.5,294.0,110.25,1,0.1,24.33,25.98,0,1,0,0,0,0,0,0,0,1
242,0.98,514.5,294.0,110.25,1,0.1,24.03,25.88,0,0,1,0,0,0,0,0,0,1
243,0.98,514.5,294.0,110.25,1,0.1,24.26,26.18,0,0,0,1,0,0,0,0,0,1
244,0.9,563.5,318.5,122.5,1,0.1,29.83,29.82,1,0,0,0,0,0,0,0,0,1
245,0.9,563.5,318.5,122.5,1,0.1,29.08,29.52,0,1,0,0,0,0,0,0,0,1
246,0.9,563.5,318.5,122.5,1,0.1,28.03,34.45,0,0,1,0,0,0,0,0,0,1
247,0.9,563.5,318.5,122.5,1,0.1,29.02,33.01,0,0,0,1,0,0,0,0,0,1
248,0.86,588.0,294.0,147.0,1,0.1,27.03,25.82,1,0,0,0,0,0,0,0,0,1
249,0.86,588.0,294.0,147.0,1,0.1,26.45,27.33,0,1,0,0,0,0,0,0,0,1
250,0.86,588.0,294.0,147.0,1,0.1,25.36,32.04,0,0,1,0,0,0,0,0,0,1
251,0.86,588.0,294.0,147.0,1,0.1,26.45,31.28,0,0,0,1,0,0,0,0,0,1
252,0.82,612.5,318.5,147.0,1,0.1,24.37,25.11,1,0,0,0,0,0,0,0,0,1
253,0.82,612.5,318.5,147.0,1,0.1,23.89,24.77,0,1,0,0,0,0,0,0,0,1
254,0.82,612.5,318.5,147.0,1,0.1,22.89,28.88,0,0,1,0,0,0,0,0,0,1
255,0.82,612.5,318.5,147.0,1,0.1,23.86,27.69,0,0,0,1,0,0,0,0,0,1
256,0.79,637.0,343.0,147.0,1,0.1,37.03,34.99,1,0,0,0,0,0,0,0,0,1
257,0.79,637.0,343.0,147.0,1,0.1,36.71,34.18,0,1,0,0,0,0,0,0,0,1
258,0.79,637.0,343.0,147.0,1,0.1,36.77,43.14,0,0,1,0,0,0,0,0,0,1
259,0.79,637.0,343.0,147.0,1,0.1,35.48,41.26,0,0,0,1,0,0,0,0,0,1
260,0.76,661.5,416.5,122.5,1,0.1,32.31,34.25,1,0,0,0,0,0,0,0,0,1
261,0.76,661.5,416.5,122.5,1,0.1,33.21,34.35,0,1,0,0,0,0,0,0,0,1
262,0.76,661.5,416.5,122.5,1,0.1,32.46,33.64,0,0,1,0,0,0,0,0,0,1
263,0.76,661.5,416.5,122.5,1,0.1,33.27,33.88,0,0,0,1,0,0,0,0,0,1
264,0.74,686.0,245.0,220.5,0,0.1,10.47,13.65,1,0,0,0,0,0,0,0,0,1
265,0.74,686.0,245.0,220.5,0,0.1,10.37,13.44,0,1,0,0,0,0,0,0,0,1
266,0.74,686.0,245.0,220.5,0,0.1,10.34,13.72,0,0,1,0,0,0,0,0,0,1
267,0.74,686.0,245.0,220.5,0,0.1,10.39,13.5,0,0,0,1,0,0,0,0,0,1
268,0.71,710.5,269.5,220.5,0,0.1,10.78,14.18,1,0,0,0,0,0,0,0,0,1
269,0.71,710.5,269.5,220.5,0,0.1,10.7,13.75,0,1,0,0,0,0,0,0,0,1
270,0.71,710.5,269.5,220.5,0,0.1,10.67,14.26,0,0,1,0,0,0,0,0,0,1
271,0.71,710.5,269.5,220.5,0,0.1,13.69,13.89,0,0,0,1,0,0,0,0,0,1
272,0.69,735.0,294.0,220.5,0,0.1,11.21,14.55,1,0,0,0,0,0,0,0,0,1
273,0.69,735.0,294.0,220.5,0,0.1,11.14,14.28,0,1,0,0,0,0,0,0,0,1
274,0.69,735.0,294.0,220.5,0,0.1,11.11,14.46,0,0,1,0,0,0,0,0,0,1
275,0.69,735.0,294.0,220.5,0,0.1,11.16,14.39,0,0,0,1,0,0,0,0,0,1
276,0.66,759.5,318.5,220.5,0,0.1,11.38,14.54,1,0,0,0,0,0,0,0,0,1
277,0.66,759.5,318.5,220.5,0,0.1,11.34,14.81,0,1,0,0,0,0,0,0,0,1
278,0.66,759.5,318.5,220.5,0,0.1,11.22,14.65,0,0,1,0,0,0,0,0,0,1
279,0.66,759.5,318.5,220.5,0,0.1,11.34,14.87,0,0,0,1,0,0,0,0,0,1
280,0.64,784.0,343.0,220.5,0,0.1,15.16,19.24,1,0,0,0,0,0,0,0,0,1
281,0.64,784.0,343.0,220.5,0,0.1,15.37,19.18,0,1,0,0,0,0,0,0,0,1
282,0.64,784.0,343.0,220.5,0,0.1,15.12,19.26,0,0,1,0,0,0,0,0,0,1
283,0.64,784.0,343.0,220.5,0,0.1,15.36,19.29,0,0,0,1,0,0,0,0,0,1
284,0.62,808.5,367.5,220.5,0,0.1,12.59,14.24,1,0,0,0,0,0,0,0,0,1
285,0.62,808.5,367.5,220.5,0,0.1,12.74,13.97,0,1,0,0,0,0,0,0,0,1
286,0.62,808.5,367.5,220.5,0,0.1,12.8,13.99,0,0,1,0,0,0,0,0,0,1
287,0.62,808.5,367.5,220.5,0,0.1,12.62,14.15,0,0,0,1,0,0,0,0,0,1
288,0.98,514.5,294.0,110.25,1,0.25,28.15,29.79,1,0,0,0,0,1,0,0,0,0
289,0.98,514.5,294.0,110.25,1,0.25,28.15,29.79,0,1,0,0,0,1,0,0,0,0
290,0.98,514.5,294.0,110.25,1,0.25,28.37,29.28,0,0,1,0,0,1,0,0,0,0
291,0.98,514.5,294.0,110.25,1,0.25,28.41,29.49,0,0,0,1,0,1,0,0,0,0
292,0.9,563.5,318.5,122.5,1,0.25,32.68,36.12,1,0,0,0,0,1,0,0,0,0
293,0.9,563.5,318.5,122.5,1,0.25,33.48,33.17,0,1,0,0,0,1,0,0,0,0
294,0.9,563.5,318.5,122.5,1,0.25,32.84,32.71,0,0,1,0,0,1,0,0,0,0
295,0.9,563.5,318.5,122.5,1,0.25,32.0,37.58,0,0,0,1,0,1,0,0,0,0
296,0.86,588.0,294.0,147.0,1,0.25,29.54,33.98,1,0,0,0,0,1,0,0,0,0
297,0.86,588.0,294.0,147.0,1,0.25,30.05,28.61,0,1,0,0,0,1,0,0,0,0
298,0.86,588.0,294.0,147.0,1,0.25,29.6,30.12,0,0,1,0,0,1,0,0,0,0
299,0.86,588.0,294.0,147.0,1,0.25,28.66,34.73,0,0,0,1,0,1,0,0,0,0
300,0.82,612.5,318.5,147.0,1,0.25,26.84,30.17,1,0,0,0,0,1,0,0,0,0
301,0.82,612.5,318.5,147.0,1,0.25,27.27,27.84,0,1,0,0,0,1,0,0,0,0
302,0.82,612.5,318.5,147.0,1,0.25,26.97,27.25,0,0,1,0,0,1,0,0,0,0
303,0.82,612.5,318.5,147.0,1,0.25,26.19,31.39,0,0,0,1,0,1,0,0,0,0
304,0.79,637.0,343.0,147.0,1,0.25,38.67,43.8,1,0,0,0,0,1,0,0,0,0
305,0.79,637.0,343.0,147.0,1,0.25,40.03,37.81,0,1,0,0,0,1,0,0,0,0
306,0.79,637.0,343.0,147.0,1,0.25,39.86,36.85,0,0,1,0,0,1,0,0,0,0
307,0.79,637.0,343.0,147.0,1,0.25,39.04,45.52,0,0,0,1,0,1,0,0,0,0
308,0.76,661.5,416.5,122.5,1,0.25,36.96,36.85,1,0,0,0,0,1,0,0,0,0
309,0.76,661.5,416.5,122.5,1,0.25,36.13,37.58,0,1,0,0,0,1,0,0,0,0
310,0.76,661.5,416.5,122.5,1,0.25,36.91,37.45,0,0,1,0,0,1,0,0,0,0
311,0.76,661.5,416.5,122.5,1,0.25,36.43,36.62,0,0,0,1,0,1,0,0,0,0
312,0.74,686.0,245.0,220.5,0,0.25,12.43,15.19,1,0,0,0,0,1,0,0,0,0
313,0.74,686.0,245.0,220.5,0,0.25,12.5,15.5,0,1,0,0,0,1,0,0,0,0
314,0.74,686.0,245.0,220.5,0,0.25,12.41,15.28,0,0,1,0,0,1,0,0,0,0
315,0.74,686.0,245.0,220.5,0,0.25,12.45,15.5,0,0,0,1,0,1,0,0,0,0
316,0.71,710.5,269.5,220.5,0,0.25,12.57,15.42,1,0,0,0,0,1,0,0,0,0
317,0.71,710.5,269.5,220.5,0,0.25,12.65,15.85,0,1,0,0,0,1,0,0,0,0
318,0.71,710.5,269.5,220.5,0,0.25,12.57,15.44,0,0,1,0,0,1,0,0,0,0
319,0.71,710.5,269.5,220.5,0,0.25,12.63,15.81,0,0,0,1,0,1,0,0,0,0
320,0.69,735.0,294.0,220.5,0,0.25,12.78,15.21,1,0,0,0,0,1,0,0,0,0
321,0.69,735.0,294.0,220.5,0,0.25,12.93,15.63,0,1,0,0,0,1,0,0,0,0
322,0.69,735.0,294.0,220.5,0,0.25,12.73,15.48,0,0,1,0,0,1,0,0,0,0
323,0.69,735.0,294.0,220.5,0,0.25,12.72,15.78,0,0,0,1,0,1,0,0,0,0
324,0.66,759.5,318.5,220.5,0,0.25,13.17,16.39,1,0,0,0,0,1,0,0,0,0
325,0.66,759.5,318.5,220.5,0,0.25,13.18,16.27,0,1,0,0,0,1,0,0,0,0
326,0.66,759.5,318.5,220.5,0,0.25,13.17,16.39,0,0,1,0,0,1,0,0,0,0
327,0.66,759.5,318.5,220.5,0,0.25,13.18,16.19,0,0,0,1,0,1,0,0,0,0
328,0.64,784.0,343.0,220.5,0,0.25,17.5,21.13,1,0,0,0,0,1,0,0,0,0
329,0.64,784.0,343.0,220.5,0,0.25,17.35,21.19,0,1,0,0,0,1,0,0,0,0
330,0.64,784.0,343.0,220.5,0,0.25,17.52,21.09,0,0,1,0,0,1,0,0,0,0
331,0.64,784.0,343.0,220.5,0,0.25,17.37,21.08,0,0,0,1,0,1,0,0,0,0
332,0.62,808.5,367.5,220.5,0,0.25,15.09,15.77,1,0,0,0,0,1,0,0,0,0
333,0.62,808.5,367.5,220.5,0,0.25,15.12,15.95,0,1,0,0,0,1,0,0,0,0
334,0.62,808.5,367.5,220.5,0,0.25,15.08,15.77,0,0,1,0,0,1,0,0,0,0
335,0.62,808.5,367.5,220.5,0,0.25,15.16,15.76,0,0,0,1,0,1,0,0,0,0
336,0.98,514.5,294.0,110.25,1,0.25,28.67,29.62,1,0,0,0,0,0,1,0,0,0
337,0.98,514.5,294.0,110.25,1,0.25,28.57,29.69,0,1,0,0,0,0,1,0,0,0
338,0.98,514.5,294.0,110.25,1,0.25,28.18,30.18,0,0,1,0,0,0,1,0,0,0
339,0.98,514.5,294.0,110.25,1,0.25,28.6,30.02,0,0,0,1,0,0,1,0,0,0
340,0.9,563.5,318.5,122.5,1,0.25,32.46,35.56,1,0,0,0,0,0,1,0,0,0
341,0.9,563.5,318.5,122.5,1,0.25,33.27,32.64,0,1,0,0,0,0,1,0,0,0
342,0.9,563.5,318.5,122.5,1,0.25,32.33,32.77,0,0,1,0,0,0,1,0,0,0
343,0.9,563.5,318.5,122.5,1,0.25,31.66,37.72,0,0,0,1,0,0,1,0,0,0
344,0.86,588.0,294.0,147.0,1,0.25,29.34,33.37,1,0,0,0,0,0,1,0,0,0
345,0.86,588.0,294.0,147.0,1,0.25,29.87,27.89,0,1,0,0,0,0,1,0,0,0
346,0.86,588.0,294.0,147.0,1,0.25,29.27,29.9,0,0,1,0,0,0,1,0,0,0
347,0.86,588.0,294.0,147.0,1,0.25,28.4,34.52,0,0,0,1,0,0,1,0,0,0
348,0.82,612.5,318.5,147.0,1,0.25,25.74,28.27,1,0,0,0,0,0,1,0,0,0
349,0.82,612.5,318.5,147.0,1,0.25,25.98,26.96,0,1,0,0,0,0,1,0,0,0
350,0.82,612.5,318.5,147.0,1,0.25,25.38,26.72,0,0,1,0,0,0,1,0,0,0
351,0.82,612.5,318.5,147.0,1,0.25,24.94,29.88,0,0,0,1,0,0,1,0,0,0
352,0.79,637.0,343.0,147.0,1,0.25,38.57,43.86,1,0,0,0,0,0,1,0,0,0
353,0.79,637.0,343.0,147.0,1,0.25,40.19,37.41,0,1,0,0,0,0,1,0,0,0
354,0.79,637.0,343.0,147.0,1,0.25,39.97,36.77,0,0,1,0,0,0,1,0,0,0
355,0.79,637.0,343.0,147.0,1,0.25,38.98,45.97,0,0,0,1,0,0,1,0,0,0
356,0.76,661.5,416.5,122.5,1,0.25,36.95,36.87,1,0,0,0,0,0,1,0,0,0
357,0.76,661.5,416.5,122.5,1,0.25,36.28,37.35,0,1,0,0,0,0,1,0,0,0
358,0.76,661.5,416.5,122.5,1,0.25,36.86,37.28,0,0,1,0,0,0,1,0,0,0
359,0.76,661.5,416.5,122.5,1,0.25,36.45,36.81,0,0,0,1,0,0,1,0,0,0
360,0.74,686.0,245.0,220.5,0,0.25,12.35,14.73,1,0,0,0,0,0,1,0,0,0
361,0.74,686.0,245.0,220.5,0,0.25,12.45,15.1,0,1,0,0,0,0,1,0,0,0
362,0.74,686.0,245.0,220.5,0,0.25,12.16,15.18,0,0,1,0,0,0,1,0,0,0
363,0.74,686.0,245.0,220.5,0,0.25,12.3,15.44,0,0,0,1,0,0,1,0,0,0
364,0.71,710.5,269.5,220.5,0,0.25,12.33,14.91,1,0,0,0,0,0,1,0,0,0
365,0.71,710.5,269.5,220.5,0,0.25,12.29,15.4,0,1,0,0,0,0,1,0,0,0
366,0.71,710.5,269.5,220.5,0,0.25,12.2,14.94,0,0,1,0,0,0,1,0,0,0
367,0.71,710.5,269.5,220.5,0,0.25,12.49,15.32,0,0,0,1,0,0,1,0,0,0
368,0.69,735.0,294.0,220.5,0,0.25,12.85,15.52,1,0,0,0,0,0,1,0,0,0
369,0.69,735.0,294.0,220.5,0,0.25,12.87,15.85,0,1,0,0,0,0,1,0,0,0
370,0.69,735.0,294.0,220.5,0,0.25,12.73,15.66,0,0,1,0,0,0,1,0,0,0
371,0.69,735.0,294.0,220.5,0,0.25,12.95,15.99,0,0,0,1,0,0,1,0,0,0
372,0.66,759.5,318.5,220.5,0,0.25,13.05,15.89,1,0,0,0,0,0,1,0,0,0
373,0.66,759.5,318.5,220.5,0,0.25,12.93,15.85,0,1,0,0,0,0,1,0,0,0
374,0.66,759.5,318.5,220.5,0,0.25,12.77,16.22,0,0,1,0,0,0,1,0,0,0
375,0.66,759.5,318.5,220.5,0,0.25,13.0,15.87,0,0,0,1,0,0,1,0,0,0
376,0.64,784.0,343.0,220.5,0,0.25,17.14,20.47,1,0,0,0,0,0,1,0,0,0
377,0.64,784.0,343.0,220.5,0,0.25,16.84,20.56,0,1,0,0,0,0,1,0,0,0
378,0.64,784.0,343.0,220.5,0,0.25,17.02,20.48,0,0,1,0,0,0,1,0,0,0
379,0.64,784.0,343.0,220.5,0,0.25,17.11,20.43,0,0,0,1,0,0,1,0,0,0
380,0.62,808.5,367.5,220.5,0,0.25,14.34,15.32,1,0,0,0,0,0,1,0,0,0
381,0.62,808.5,367.5,220.5,0,0.25,14.66,15.64,0,1,0,0,0,0,1,0,0,0
382,0.62,808.5,367.5,220.5,0,0.25,14.6,15.14,0,0,1,0,0,0,1,0,0,0
383,0.62,808.5,367.5,220.5,0,0.25,14.6,15.3,0,0,0,1,0,0,1,0,0,0
384,0.98,514.5,294.0,110.25,1,0.25,28.67,29.43,1,0,0,0,0,0,0,1,0,0
385,0.98,514.5,294.0,110.25,1,0.25,28.56,29.78,0,1,0,0,0,0,0,1,0,0
386,0.98,514.5,294.0,110.25,1,0.25,28.17,30.1,0,0,1,0,0,0,0,1,0,0
387,0.98,514.5,294.0,110.25,1,0.25,28.63,30.19,0,0,0,1,0,0,0,1,0,0
388,0.9,563.5,318.5,122.5,1,0.25,31.63,36.35,1,0,0,0,0,0,0,1,0,0
389,0.9,563.5,318.5,122.5,1,0.25,32.4,35.1,0,1,0,0,0,0,0,1,0,0
390,0.9,563.5,318.5,122.5,1,0.25,32.68,32.83,0,0,1,0,0,0,0,1,0,0
391,0.9,563.5,318.5,122.5,1,0.25,32.29,32.46,0,0,0,1,0,0,0,1,0,0
392,0.86,588.0,294.0,147.0,1,0.25,28.4,33.52,1,0,0,0,0,0,0,1,0,0
393,0.86,588.0,294.0,147.0,1,0.25,29.4,32.93,0,1,0,0,0,0,0,1,0,0
394,0.86,588.0,294.0,147.0,1,0.25,29.43,28.38,0,0,1,0,0,0,0,1,0,0
395,0.86,588.0,294.0,147.0,1,0.25,29.07,29.82,0,0,0,1,0,0,0,1,0,0
396,0.82,612.5,318.5,147.0,1,0.25,24.7,28.77,1,0,0,0,0,0,0,1,0,0
397,0.82,612.5,318.5,147.0,1,0.25,25.48,27.76,0,1,0,0,0,0,0,1,0,0
398,0.82,612.5,318.5,147.0,1,0.25,25.37,26.95,0,0,1,0,0,0,0,1,0,0
399,0.82,612.5,318.5,147.0,1,0.25,25.17,26.41,0,0,0,1,0,0,0,1,0,0
400,0.79,637.0,343.0,147.0,1,0.25,39.04,45.13,1,0,0,0,0,0,0,1,0,0
401,0.79,637.0,343.0,147.0,1,0.25,38.35,43.66,0,1,0,0,0,0,0,1,0,0
402,0.79,637.0,343.0,147.0,1,0.25,39.81,37.76,0,0,1,0,0,0,0,1,0,0
403,0.79,637.0,343.0,147.0,1,0.25,39.83,36.87,0,0,0,1,0,0,0,1,0,0
404,0.76,661.5,416.5,122.5,1,0.25,35.99,36.07,1,0,0,0,0,0,0,1,0,0
405,0.76,661.5,416.5,122.5,1,0.25,36.59,36.44,0,1,0,0,0,0,0,1,0,0
406,0.76,661.5,416.5,122.5,1,0.25,35.64,37.28,0,0,1,0,0,0,0,1,0,0
407,0.76,661.5,416.5,122.5,1,0.25,36.52,37.29,0,0,0,1,0,0,0,1,0,0
408,0.74,686.0,245.0,220.5,0,0.25,11.8,14.49,1,0,0,0,0,0,0,1,0,0
409,0.74,686.0,245.0,220.5,0,0.25,12.03,13.79,0,1,0,0,0,0,0,1,0,0
410,0.74,686.0,245.0,220.5,0,0.25,11.98,14.72,0,0,1,0,0,0,0,1,0,0
411,0.74,686.0,245.0,220.5,0,0.25,11.69,14.76,0,0,0,1,0,0,0,1,0,0
412,0.71,710.5,269.5,220.5,0,0.25,12.41,14.92,1,0,0,0,0,0,0,1,0,0
413,0.71,710.5,269.5,220.5,0,0.25,12.28,14.74,0,1,0,0,0,0,0,1,0,0
414,0.71,710.5,269.5,220.5,0,0.25,12.1,15.57,0,0,1,0,0,0,0,1,0,0
415,0.71,710.5,269.5,220.5,0,0.25,12.19,14.94,0,0,0,1,0,0,0,1,0,0
416,0.69,735.0,294.0,220.5,0,0.25,12.34,14.92,1,0,0,0,0,0,0,1,0,0
417,0.69,735.0,294.0,220.5,0,0.25,12.46,14.38,0,1,0,0,0,0,0,1,0,0
418,0.69,735.0,294.0,220.5,0,0.25,12.31,15.44,0,0,1,0,0,0,0,1,0,0
419,0.69,735.0,294.0,220.5,0,0.25,12.12,15.17,0,0,0,1,0,0,0,1,0,0
420,0.66,759.5,318.5,220.5,0,0.25,12.97,15.53,1,0,0,0,0,0,0,1,0,0
421,0.66,759.5,318.5,220.5,0,0.25,13.01,15.8,0,1,0,0,0,0,0,1,0,0
422,0.66,759.5,318.5,220.5,0,0.25,12.74,16.14,0,0,1,0,0,0,0,1,0,0
423,0.66,759.5,318.5,220.5,0,0.25,12.84,16.26,0,0,0,1,0,0,0,1,0,0
424,0.64,784.0,343.0,220.5,0,0.25,16.83,19.87,1,0,0,0,0,0,0,1,0,0
425,0.64,784.0,343.0,220.5,0,0.25,16.93,20.03,0,1,0,0,0,0,0,1,0,0
426,0.64,784.0,343.0,220.5,0,0.25,16.66,20.46,0,0,1,0,0,0,0,1,0,0
427,0.64,784.0,343.0,220.5,0,0.25,16.86,20.28,0,0,0,1,0,0,0,1,0,0
428,0.62,808.5,367.5,220.5,0,0.25,13.91,14.89,1,0,0,0,0,0,0,1,0,0
429,0.62,808.5,367.5,220.5,0,0.25,14.34,14.96,0,1,0,0,0,0,0,1,0,0
430,0.62,808.5,367.5,220.5,0,0.25,13.95,14.89,0,0,1,0,0,0,0,1,0,0
431,0.62,808.5,367.5,220.5,0,0.25,13.99,14.35,0,0,0,1,0,0,0,1,0,0
432,0.98,514.5,294.0,110.25,1,0.25,28.7,29.61,1,0,0,0,0,0,0,0,1,0
433,0.98,514.5,294.0,110.25,1,0.25,28.55,29.59,0,1,0,0,0,0,0,0,1,0
434,0.98,514.5,294.0,110.25,1,0.25,28.15,30.19,0,0,1,0,0,0,0,0,1,0
435,0.98,514.5,294.0,110.25,1,0.25,28.62,30.12,0,0,0,1,0,0,0,0,1,0
436,0.9,563.5,318.5,122.5,1,0.25,32.67,32.12,1,0,0,0,0,0,0,0,1,0
437,0.9,563.5,318.5,122.5,1,0.25,31.69,37.12,0,1,0,0,0,0,0,0,1,0
438,0.9,563.5,318.5,122.5,1,0.25,32.07,36.16,0,0,1,0,0,0,0,0,1,0
439,0.9,563.5,318.5,122.5,1,0.25,33.28,33.16,0,0,0,1,0,0,0,0,1,0
440,0.86,588.0,294.0,147.0,1,0.25,29.47,29.45,1,0,0,0,0,0,0,0,1,0
441,0.86,588.0,294.0,147.0,1,0.25,28.42,34.19,0,1,0,0,0,0,0,0,1,0
442,0.86,588.0,294.0,147.0,1,0.25,29.08,33.93,0,0,1,0,0,0,0,0,1,0
443,0.86,588.0,294.0,147.0,1,0.25,29.88,28.31,0,0,0,1,0,0,0,0,1,0
444,0.82,612.5,318.5,147.0,1,0.25,25.66,26.3,1,0,0,0,0,0,0,0,1,0
445,0.82,612.5,318.5,147.0,1,0.25,24.96,29.43,0,1,0,0,0,0,0,0,1,0
446,0.82,612.5,318.5,147.0,1,0.25,25.43,28.76,0,0,1,0,0,0,0,0,1,0
447,0.82,612.5,318.5,147.0,1,0.25,26.0,27.34,0,0,0,1,0,0,0,0,1,0
448,0.79,637.0,343.0,147.0,1,0.25,40.0,36.26,1,0,0,0,0,0,0,0,1,0
449,0.79,637.0,343.0,147.0,1,0.25,38.84,45.48,0,1,0,0,0,0,0,0,1,0
450,0.79,637.0,343.0,147.0,1,0.25,38.33,44.16,0,0,1,0,0,0,0,0,1,0
451,0.79,637.0,343.0,147.0,1,0.25,40.12,37.26,0,0,0,1,0,0,0,0,1,0
452,0.76,661.5,416.5,122.5,1,0.25,36.95,37.2,1,0,0,0,0,0,0,0,1,0
453,0.76,661.5,416.5,122.5,1,0.25,36.45,36.76,0,1,0,0,0,0,0,0,1,0
454,0.76,661.5,416.5,122.5,1,0.25,36.81,37.05,0,0,1,0,0,0,0,0,1,0
455,0.76,661.5,416.5,122.5,1,0.25,36.26,37.51,0,0,0,1,0,0,0,0,1,0
456,0.74,686.0,245.0,220.5,0,0.25,12.32,14.92,1,0,0,0,0,0,0,0,1,0
457,0.74,686.0,245.0,220.5,0,0.25,12.3,15.24,0,1,0,0,0,0,0,0,1,0
458,0.74,686.0,245.0,220.5,0,0.25,12.18,15.03,0,0,1,0,0,0,0,0,1,0
459,0.74,686.0,245.0,220.5,0,0.25,12.43,15.35,0,0,0,1,0,0,0,0,1,0
460,0.71,710.5,269.5,220.5,0,0.25,12.36,14.67,1,0,0,0,0,0,0,0,1,0
461,0.71,710.5,269.5,220.5,0,0.25,12.49,15.09,0,1,0,0,0,0,0,0,1,0
462,0.71,710.5,269.5,220.5,0,0.25,12.17,15.2,0,0,1,0,0,0,0,0,1,0
463,0.71,710.5,269.5,220.5,0,0.25,12.28,15.64,0,0,0,1,0,0,0,0,1,0
464,0.69,735.0,294.0,220.5,0,0.25,12.91,15.37,1,0,0,0,0,0,0,0,1,0
465,0.69,735.0,294.0,220.5,0,0.25,12.95,15.73,0,1,0,0,0,0,0,0,1,0
466,0.69,735.0,294.0,220.5,0,0.25,12.67,15.83,0,0,1,0,0,0,0,0,1,0
467,0.69,735.0,294.0,220.5,0,0.25,12.86,16.13,0,0,0,1,0,0,0,0,1,0
468,0.66,759.5,318.5,220.5,0,0.25,12.95,15.95,1,0,0,0,0,0,0,0,1,0
469,0.66,759.5,318.5,220.5,0,0.25,13.0,15.59,0,1,0,0,0,0,0,0,1,0
470,0.66,759.5,318.5,220.5,0,0.25,12.86,16.17,0,0,1,0,0,0,0,0,1,0
471,0.66,759.5,318.5,220.5,0,0.25,12.92,16.14,0,0,0,1,0,0,0,0,1,0
472,0.64,784.0,343.0,220.5,0,0.25,16.99,19.65,1,0,0,0,0,0,0,0,1,0
473,0.64,784.0,343.0,220.5,0,0.25,16.69,19.76,0,1,0,0,0,0,0,0,1,0
474,0.64,784.0,343.0,220.5,0,0.25,16.56,20.37,0,0,1,0,0,0,0,0,1,0
475,0.64,784.0,343.0,220.5,0,0.25,16.62,19.9,0,0,0,1,0,0,0,0,1,0
476,0.62,808.5,367.5,220.5,0,0.25,14.33,15.41,1,0,0,0,0,0,0,0,1,0
477,0.62,808.5,367.5,220.5,0,0.25,14.61,15.56,0,1,0,0,0,0,0,0,1,0
478,0.62,808.5,367.5,220.5,0,0.25,14.61,15.07,0,0,1,0,0,0,0,0,1,0
479,0.62,808.5,367.5,220.5,0,0.25,14.65,15.38,0,0,0,1,0,0,0,0,1,0
480,0.98,514.5,294.0,110.25,1,0.25,28.69,29.53,1,0,0,0,0,0,0,0,0,1
481,0.98,514.5,294.0,110.25,1,0.25,28.58,29.77,0,1,0,0,0,0,0,0,0,1
482,0.98,514.5,294.0,110.25,1,0.25,28.15,30.0,0,0,1,0,0,0,0,0,0,1
483,0.98,514.5,294.0,110.25,1,0.25,28.61,30.2,0,0,0,1,0,0,0,0,0,1
484,0.9,563.5,318.5,122.5,1,0.25,33.13,32.25,1,0,0,0,0,0,0,0,0,1
485,0.9,563.5,318.5,122.5,1,0.25,32.31,32.0,0,1,0,0,0,0,0,0,0,1
486,0.9,563.5,318.5,122.5,1,0.25,31.53,37.19,0,0,1,0,0,0,0,0,0,1
487,0.9,563.5,318.5,122.5,1,0.25,32.46,35.62,0,0,0,1,0,0,0,0,0,1
488,0.86,588.0,294.0,147.0,1,0.25,29.71,28.02,1,0,0,0,0,0,0,0,0,1
489,0.86,588.0,294.0,147.0,1,0.25,29.09,29.43,0,1,0,0,0,0,0,0,0,1
490,0.86,588.0,294.0,147.0,1,0.25,28.31,34.15,0,0,1,0,0,0,0,0,0,1
491,0.86,588.0,294.0,147.0,1,0.25,29.39,33.47,0,0,0,1,0,0,0,0,0,1
492,0.82,612.5,318.5,147.0,1,0.25,25.7,26.53,1,0,0,0,0,0,0,0,0,1
493,0.82,612.5,318.5,147.0,1,0.25,25.17,26.08,0,1,0,0,0,0,0,0,0,1
494,0.82,612.5,318.5,147.0,1,0.25,24.6,29.31,0,0,1,0,0,0,0,0,0,1
495,0.82,612.5,318.5,147.0,1,0.25,25.49,28.14,0,0,0,1,0,0,0,0,0,1
496,0.79,637.0,343.0,147.0,1,0.25,39.89,37.54,1,0,0,0,0,0,0,0,0,1
497,0.79,637.0,343.0,147.0,1,0.25,39.83,36.66,0,1,0,0,0,0,0,0,0,1
498,0.79,637.0,343.0,147.0,1,0.25,39.01,45.28,0,0,1,0,0,0,0,0,0,1
499,0.79,637.0,343.0,147.0,1,0.25,38.65,43.73,0,0,0,1,0,0,0,0,0,1
500,0.76,661.5,416.5,122.5,1,0.25,35.69,36.93,1,0,0,0,0,0,0,0,0,1
501,0.76,661.5,416.5,122.5,1,0.25,36.64,37.01,0,1,0,0,0,0,0,0,0,1
502,0.76,661.5,416.5,122.5,1,0.25,36.06,35.73,0,0,1,0,0,0,0,0,0,1
503,0.76,661.5,416.5,122.5,1,0.25,36.7,36.15,0,0,0,1,0,0,0,0,0,1
504,0.74,686.0,245.0,220.5,0,0.25,12.12,14.48,1,0,0,0,0,0,0,0,0,1
505,0.74,686.0,245.0,220.5,0,0.25,11.67,14.58,0,1,0,0,0,0,0,0,0,1
506,0.74,686.0,245.0,220.5,0,0.25,11.64,14.81,0,0,1,0,0,0,0,0,0,1
507,0.74,686.0,245.0,220.5,0,0.25,12.02,14.03,0,0,0,1,0,0,0,0,0,1
508,0.71,710.5,269.5,220.5,0,0.25,12.27,15.27,1,0,0,0,0,0,0,0,0,1
509,0.71,710.5,269.5,220.5,0,0.25,12.19,14.71,0,1,0,0,0,0,0,0,0,1
510,0.71,710.5,269.5,220.5,0,0.25,12.25,15.23,0,0,1,0,0,0,0,0,0,1
511,0.71,710.5,269.5,220.5,0,0.25,12.27,14.97,0,0,0,1,0,0,0,0,0,1
512,0.69,735.0,294.0,220.5,0,0.25,12.47,15.14,1,0,0,0,0,0,0,0,0,1
513,0.69,735.0,294.0,220.5,0,0.25,12.12,14.97,0,1,0,0,0,0,0,0,0,1
514,0.69,735.0,294.0,220.5,0,0.25,12.18,15.22,0,0,1,0,0,0,0,0,0,1
515,0.69,735.0,294.0,220.5,0,0.25,12.47,14.6,0,0,0,1,0,0,0,0,0,1
516,0.66,759.5,318.5,220.5,0,0.25,12.93,15.83,1,0,0,0,0,0,0,0,0,1
517,0.66,759.5,318.5,220.5,0,0.25,12.82,16.03,0,1,0,0,0,0,0,0,0,1
518,0.66,759.5,318.5,220.5,0,0.25,12.78,15.8,0,0,1,0,0,0,0,0,0,1
519,0.66,759.5,318.5,220.5,0,0.25,13.02,16.06,0,0,0,1,0,0,0,0,0,1
520,0.64,784.0,343.0,220.5,0,0.25,16.73,20.13,1,0,0,0,0,0,0,0,0,1
521,0.64,784.0,343.0,220.5,0,0.25,16.86,20.01,0,1,0,0,0,0,0,0,0,1
522,0.64,784.0,343.0,220.5,0,0.25,16.76,20.19,0,0,1,0,0,0,0,0,0,1
523,0.64,784.0,343.0,220.5,0,0.25,16.92,20.29,0,0,0,1,0,0,0,0,0,1
524,0.62,808.5,367.5,220.5,0,0.25,13.68,15.19,1,0,0,0,0,0,0,0,0,1
525,0.62,808.5,367.5,220.5,0,0.25,13.99,14.61,0,1,0,0,0,0,0,0,0,1
526,0.62,808.5,367.5,220.5,0,0.25,14.16,14.61,0,0,1,0,0,0,0,0,0,1
527,0.62,808.5,367.5,220.5,0,0.25,13.86,14.75,0,0,0,1,0,0,0,0,0,1
528,0.98,514.5,294.0,110.25,1,0.4,32.26,33.37,1,0,0,0,0,1,0,0,0,0
529,0.98,514.5,294.0,110.25,1,0.4,32.26,33.34,0,1,0,0,0,1,0,0,0,0
530,0.98,514.5,294.0,110.25,1,0.4,32.49,32.83,0,0,1,0,0,1,0,0,0,0
531,0.98,514.5,294.0,110.25,1,0.4,32.53,33.04,0,0,0,1,0,1,0,0,0,0
532,0.9,563.5,318.5,122.5,1,0.4,36.47,39.28,1,0,0,0,0,1,0,0,0,0
533,0.9,563.5,318.5,122.5,1,0.4,37.24,36.38,0,1,0,0,0,1,0,0,0,0
534,0.9,563.5,318.5,122.5,1,0.4,36.66,35.92,0,0,1,0,0,1,0,0,0,0
535,0.9,563.5,318.5,122.5,1,0.4,35.96,40.99,0,0,0,1,0,1,0,0,0,0
536,0.86,588.0,294.0,147.0,1,0.4,31.89,35.99,1,0,0,0,0,1,0,0,0,0
537,0.86,588.0,294.0,147.0,1,0.4,32.39,30.66,0,1,0,0,0,1,0,0,0,0
538,0.86,588.0,294.0,147.0,1,0.4,32.09,31.7,0,0,1,0,0,1,0,0,0,0
539,0.86,588.0,294.0,147.0,1,0.4,31.29,36.73,0,0,0,1,0,1,0,0,0,0
540,0.82,612.5,318.5,147.0,1,0.4,29.22,31.71,1,0,0,0,0,1,0,0,0,0
541,0.82,612.5,318.5,147.0,1,0.4,29.91,29.13,0,1,0,0,0,1,0,0,0,0
542,0.82,612.5,318.5,147.0,1,0.4,29.53,28.99,0,0,1,0,0,1,0,0,0,0
543,0.82,612.5,318.5,147.0,1,0.4,28.65,33.54,0,0,0,1,0,1,0,0,0,0
544,0.79,637.0,343.0,147.0,1,0.4,41.4,45.29,1,0,0,0,0,1,0,0,0,0
545,0.79,637.0,343.0,147.0,1,0.4,42.62,39.07,0,1,0,0,0,1,0,0,0,0
546,0.79,637.0,343.0,147.0,1,0.4,42.5,38.35,0,0,1,0,0,1,0,0,0,0
547,0.79,637.0,343.0,147.0,1,0.4,41.67,46.94,0,0,0,1,0,1,0,0,0,0
548,0.76,661.5,416.5,122.5,1,0.4,40.78,39.55,1,0,0,0,0,1,0,0,0,0
549,0.76,661.5,416.5,122.5,1,0.4,39.97,40.85,0,1,0,0,0,1,0,0,0,0
550,0.76,661.5,416.5,122.5,1,0.4,40.71,40.63,0,0,1,0,0,1,0,0,0,0
551,0.76,661.5,416.5,122.5,1,0.4,40.43,39.48,0,0,0,1,0,1,0,0,0,0
552,0.74,686.0,245.0,220.5,0,0.4,14.52,16.94,1,0,0,0,0,1,0,0,0,0
553,0.74,686.0,245.0,220.5,0,0.4,14.61,17.25,0,1,0,0,0,1,0,0,0,0
554,0.74,686.0,245.0,220.5,0,0.4,14.5,17.03,0,0,1,0,0,1,0,0,0,0
555,0.74,686.0,245.0,220.5,0,0.4,14.55,17.25,0,0,0,1,0,1,0,0,0,0
556,0.71,710.5,269.5,220.5,0,0.4,14.51,17.1,1,0,0,0,0,1,0,0,0,0
557,0.71,710.5,269.5,220.5,0,0.4,14.6,17.51,0,1,0,0,0,1,0,0,0,0
558,0.71,710.5,269.5,220.5,0,0.4,14.5,17.12,0,0,1,0,0,1,0,0,0,0
559,0.71,710.5,269.5,220.5,0,0.4,14.58,17.47,0,0,0,1,0,1,0,0,0,0
560,0.69,735.0,294.0,220.5,0,0.4,14.51,16.5,1,0,0,0,0,1,0,0,0,0
561,0.69,735.0,294.0,220.5,0,0.4,14.7,17.0,0,1,0,0,0,1,0,0,0,0
562,0.69,735.0,294.0,220.5,0,0.4,14.42,16.87,0,0,1,0,0,1,0,0,0,0
563,0.69,735.0,294.0,220.5,0,0.4,14.42,17.2,0,0,0,1,0,1,0,0,0,0
564,0.66,759.5,318.5,220.5,0,0.4,15.23,18.14,1,0,0,0,0,1,0,0,0,0
565,0.66,759.5,318.5,220.5,0,0.4,15.23,18.03,0,1,0,0,0,1,0,0,0,0
566,0.66,759.5,318.5,220.5,0,0.4,15.23,18.14,0,0,1,0,0,1,0,0,0,0
567,0.66,759.5,318.5,220.5,0,0.4,15.23,17.95,0,0,0,1,0,1,0,0,0,0
568,0.64,784.0,343.0,220.5,0,0.4,19.52,22.72,1,0,0,0,0,1,0,0,0,0
569,0.64,784.0,343.0,220.5,0,0.4,19.36,22.73,0,1,0,0,0,1,0,0,0,0
570,0.64,784.0,343.0,220.5,0,0.4,19.48,22.72,0,0,1,0,0,1,0,0,0,0
571,0.64,784.0,343.0,220.5,0,0.4,19.42,22.53,0,0,0,1,0,1,0,0,0,0
572,0.62,808.5,367.5,220.5,0,0.4,15.09,17.2,1,0,0,0,0,1,0,0,0,0
573,0.62,808.5,367.5,220.5,0,0.4,17.17,17.21,0,1,0,0,0,1,0,0,0,0
574,0.62,808.5,367.5,220.5,0,0.4,17.14,17.15,0,0,1,0,0,1,0,0,0,0
575,0.62,808.5,367.5,220.5,0,0.4,17.14,17.2,0,0,0,1,0,1,0,0,0,0
576,0.98,514.5,294.0,110.25,1,0.4,32.82,32.96,1,0,0,0,0,0,1,0,0,0
577,0.98,514.5,294.0,110.25,1,0.4,32.71,33.13,0,1,0,0,0,0,1,0,0,0
578,0.98,514.5,294.0,110.25,1,0.4,32.24,33.94,0,0,1,0,0,0,1,0,0,0
579,0.98,514.5,294.0,110.25,1,0.4,32.72,33.78,0,0,0,1,0,0,1,0,0,0
580,0.9,563.5,318.5,122.5,1,0.4,35.84,38.35,1,0,0,0,0,0,1,0,0,0
581,0.9,563.5,318.5,122.5,1,0.4,36.57,35.39,0,1,0,0,0,0,1,0,0,0
582,0.9,563.5,318.5,122.5,1,0.4,36.06,34.94,0,0,1,0,0,0,1,0,0,0
583,0.9,563.5,318.5,122.5,1,0.4,35.69,40.66,0,0,0,1,0,0,1,0,0,0
584,0.86,588.0,294.0,147.0,1,0.4,32.48,35.48,1,0,0,0,0,0,1,0,0,0
585,0.86,588.0,294.0,147.0,1,0.4,32.74,30.53,0,1,0,0,0,0,1,0,0,0
586,0.86,588.0,294.0,147.0,1,0.4,32.13,32.28,0,0,1,0,0,0,1,0,0,0
587,0.86,588.0,294.0,147.0,1,0.4,31.64,36.86,0,0,0,1,0,0,1,0,0,0
588,0.82,612.5,318.5,147.0,1,0.4,28.95,30.34,1,0,0,0,0,0,1,0,0,0
589,0.82,612.5,318.5,147.0,1,0.4,29.49,27.93,0,1,0,0,0,0,1,0,0,0
590,0.82,612.5,318.5,147.0,1,0.4,28.64,28.95,0,0,1,0,0,0,1,0,0,0
591,0.82,612.5,318.5,147.0,1,0.4,28.01,32.92,0,0,0,1,0,0,1,0,0,0
592,0.79,637.0,343.0,147.0,1,0.4,41.64,45.59,1,0,0,0,0,0,1,0,0,0
593,0.79,637.0,343.0,147.0,1,0.4,43.1,39.41,0,1,0,0,0,0,1,0,0,0
594,0.79,637.0,343.0,147.0,1,0.4,42.74,38.84,0,0,1,0,0,0,1,0,0,0
595,0.79,637.0,343.0,147.0,1,0.4,41.92,48.03,0,0,0,1,0,0,1,0,0,0
596,0.76,661.5,416.5,122.5,1,0.4,40.78,39.48,1,0,0,0,0,0,1,0,0,0
597,0.76,661.5,416.5,122.5,1,0.4,40.15,40.4,0,1,0,0,0,0,1,0,0,0
598,0.76,661.5,416.5,122.5,1,0.4,40.57,40.47,0,0,1,0,0,0,1,0,0,0
599,0.76,661.5,416.5,122.5,1,0.4,40.42,39.7,0,0,0,1,0,0,1,0,0,0
600,0.74,686.0,245.0,220.5,0,0.4,14.54,16.43,1,0,0,0,0,0,1,0,0,0
601,0.74,686.0,245.0,220.5,0,0.4,14.45,16.93,0,1,0,0,0,0,1,0,0,0
602,0.74,686.0,245.0,220.5,0,0.4,14.18,16.99,0,0,1,0,0,0,1,0,0,0
603,0.74,686.0,245.0,220.5,0,0.4,14.5,17.03,0,0,0,1,0,0,1,0,0,0
604,0.71,710.5,269.5,220.5,0,0.4,14.7,16.77,1,0,0,0,0,0,1,0,0,0
605,0.71,710.5,269.5,220.5,0,0.4,14.66,17.37,0,1,0,0,0,0,1,0,0,0
606,0.71,710.5,269.5,220.5,0,0.4,14.4,17.27,0,0,1,0,0,0,1,0,0,0
607,0.71,710.5,269.5,220.5,0,0.4,14.71,17.51,0,0,0,1,0,0,1,0,0,0
608,0.69,735.0,294.0,220.5,0,0.4,14.75,16.44,1,0,0,0,0,0,1,0,0,0
609,0.69,735.0,294.0,220.5,0,0.4,14.71,17.01,0,1,0,0,0,0,1,0,0,0
610,0.69,735.0,294.0,220.5,0,0.4,14.33,17.23,0,0,1,0,0,0,1,0,0,0
611,0.69,735.0,294.0,220.5,0,0.4,14.62,17.22,0,0,0,1,0,0,1,0,0,0
612,0.66,759.5,318.5,220.5,0,0.4,15.34,17.85,1,0,0,0,0,0,1,0,0,0
613,0.66,759.5,318.5,220.5,0,0.4,15.29,17.89,0,1,0,0,0,0,1,0,0,0
614,0.66,759.5,318.5,220.5,0,0.4,15.09,18.36,0,0,1,0,0,0,1,0,0,0
615,0.66,759.5,318.5,220.5,0,0.4,15.3,18.15,0,0,0,1,0,0,1,0,0,0
616,0.64,784.0,343.0,220.5,0,0.4,19.2,21.72,1,0,0,0,0,0,1,0,0,0
617,0.64,784.0,343.0,220.5,0,0.4,18.88,22.07,0,1,0,0,0,0,1,0,0,0
618,0.64,784.0,343.0,220.5,0,0.4,18.9,22.09,0,0,1,0,0,0,1,0,0,0
619,0.64,784.0,343.0,220.5,0,0.4,19.12,21.93,0,0,0,1,0,0,1,0,0,0
620,0.62,808.5,367.5,220.5,0,0.4,16.76,17.36,1,0,0,0,0,0,1,0,0,0
621,0.62,808.5,367.5,220.5,0,0.4,17.23,17.38,0,1,0,0,0,0,1,0,0,0
622,0.62,808.5,367.5,220.5,0,0.4,17.26,16.86,0,0,1,0,0,0,1,0,0,0
623,0.62,808.5,367.5,220.5,0,0.4,17.15,16.99,0,0,0,1,0,0,1,0,0,0
624,0.98,514.5,294.0,110.25,1,0.4,32.82,32.78,1,0,0,0,0,0,0,1,0,0
625,0.98,514.5,294.0,110.25,1,0.4,32.69,33.24,0,1,0,0,0,0,0,1,0,0
626,0.98,514.5,294.0,110.25,1,0.4,32.23,33.86,0,0,1,0,0,0,0,1,0,0
627,0.98,514.5,294.0,110.25,1,0.4,32.75,34.0,0,0,0,1,0,0,0,1,0,0
628,0.9,563.5,318.5,122.5,1,0.4,34.24,37.26,1,0,0,0,0,0,0,1,0,0
629,0.9,563.5,318.5,122.5,1,0.4,34.95,35.04,0,1,0,0,0,0,0,1,0,0
630,0.9,563.5,318.5,122.5,1,0.4,35.05,33.82,0,0,1,0,0,0,0,1,0,0
631,0.9,563.5,318.5,122.5,1,0.4,34.29,33.31,0,0,0,1,0,0,0,1,0,0
632,0.86,588.0,294.0,147.0,1,0.4,31.28,35.22,1,0,0,0,0,0,0,1,0,0
633,0.86,588.0,294.0,147.0,1,0.4,32.12,34.7,0,1,0,0,0,0,0,1,0,0
634,0.86,588.0,294.0,147.0,1,0.4,32.05,30.11,0,0,1,0,0,0,0,1,0,0
635,0.86,588.0,294.0,147.0,1,0.4,31.84,31.6,0,0,0,1,0,0,0,1,0,0
636,0.82,612.5,318.5,147.0,1,0.4,28.67,32.43,1,0,0,0,0,0,0,1,0,0
637,0.82,612.5,318.5,147.0,1,0.4,29.67,30.65,0,1,0,0,0,0,0,1,0,0
638,0.82,612.5,318.5,147.0,1,0.4,29.47,29.77,0,0,1,0,0,0,0,1,0,0
639,0.82,612.5,318.5,147.0,1,0.4,28.91,29.64,0,0,0,1,0,0,0,1,0,0
640,0.79,637.0,343.0,147.0,1,0.4,41.26,46.44,1,0,0,0,0,0,0,1,0,0
641,0.79,637.0,343.0,147.0,1,0.4,41.3,44.18,0,1,0,0,0,0,0,1,0,0
642,0.79,637.0,343.0,147.0,1,0.4,42.49,38.81,0,0,1,0,0,0,0,1,0,0
643,0.79,637.0,343.0,147.0,1,0.4,42.08,38.23,0,0,0,1,0,0,0,1,0,0
644,0.76,661.5,416.5,122.5,1,0.4,39.32,38.17,1,0,0,0,0,0,0,1,0,0
645,0.76,661.5,416.5,122.5,1,0.4,39.84,38.48,0,1,0,0,0,0,0,1,0,0
646,0.76,661.5,416.5,122.5,1,0.4,38.89,39.66,0,0,1,0,0,0,0,1,0,0
647,0.76,661.5,416.5,122.5,1,0.4,39.68,40.1,0,0,0,1,0,0,0,1,0,0
648,0.74,686.0,245.0,220.5,0,0.4,13.97,16.08,1,0,0,0,0,0,0,1,0,0
649,0.74,686.0,245.0,220.5,0,0.4,14.22,15.39,0,1,0,0,0,0,0,1,0,0
650,0.74,686.0,245.0,220.5,0,0.4,14.1,16.57,0,0,1,0,0,0,0,1,0,0
651,0.74,686.0,245.0,220.5,0,0.4,13.78,16.6,0,0,0,1,0,0,0,1,0,0
652,0.71,710.5,269.5,220.5,0,0.4,14.07,16.11,1,0,0,0,0,0,0,1,0,0
653,0.71,710.5,269.5,220.5,0,0.4,14.03,15.47,0,1,0,0,0,0,0,1,0,0
654,0.71,710.5,269.5,220.5,0,0.4,13.94,16.7,0,0,1,0,0,0,0,1,0,0
655,0.71,710.5,269.5,220.5,0,0.4,13.86,16.1,0,0,0,1,0,0,0,1,0,0
656,0.69,735.0,294.0,220.5,0,0.4,14.32,16.35,1,0,0,0,0,0,0,1,0,0
657,0.69,735.0,294.0,220.5,0,0.4,14.56,15.84,0,1,0,0,0,0,0,1,0,0
658,0.69,735.0,294.0,220.5,0,0.4,14.33,16.99,0,0,1,0,0,0,0,1,0,0
659,0.69,735.0,294.0,220.5,0,0.4,14.08,17.02,0,0,0,1,0,0,0,1,0,0
660,0.66,759.5,318.5,220.5,0,0.4,15.16,17.04,1,0,0,0,0,0,0,1,0,0
661,0.66,759.5,318.5,220.5,0,0.4,15.18,17.63,0,1,0,0,0,0,0,1,0,0
662,0.66,759.5,318.5,220.5,0,0.4,14.72,18.1,0,0,1,0,0,0,0,1,0,0
663,0.66,759.5,318.5,220.5,0,0.4,14.9,18.22,0,0,0,1,0,0,0,1,0,0
664,0.64,784.0,343.0,220.5,0,0.4,18.48,20.78,1,0,0,0,0,0,0,1,0,0
665,0.64,784.0,343.0,220.5,0,0.4,18.71,20.72,0,1,0,0,0,0,0,1,0,0
666,0.64,784.0,343.0,220.5,0,0.4,18.48,21.54,0,0,1,0,0,0,0,1,0,0
667,0.64,784.0,343.0,220.5,0,0.4,18.46,21.53,0,0,0,1,0,0,0,1,0,0
668,0.62,808.5,367.5,220.5,0,0.4,16.47,16.9,1,0,0,0,0,0,0,1,0,0
669,0.62,808.5,367.5,220.5,0,0.4,16.35,17.14,0,1,0,0,0,0,0,1,0,0
670,0.62,808.5,367.5,220.5,0,0.4,16.55,16.56,0,0,1,0,0,0,0,1,0,0
671,0.62,808.5,367.5,220.5,0,0.4,16.74,16.0,0,0,0,1,0,0,0,1,0,0
672,0.98,514.5,294.0,110.25,1,0.4,32.85,32.95,1,0,0,0,0,0,0,0,1,0
673,0.98,514.5,294.0,110.25,1,0.4,32.67,33.06,0,1,0,0,0,0,0,0,1,0
674,0.98,514.5,294.0,110.25,1,0.4,32.21,33.95,0,0,1,0,0,0,0,0,1,0
675,0.98,514.5,294.0,110.25,1,0.4,32.74,33.88,0,0,0,1,0,0,0,0,1,0
676,0.9,563.5,318.5,122.5,1,0.4,36.45,33.98,1,0,0,0,0,0,0,0,1,0
677,0.9,563.5,318.5,122.5,1,0.4,35.73,39.92,0,1,0,0,0,0,0,0,1,0
678,0.9,563.5,318.5,122.5,1,0.4,35.4,39.22,0,0,1,0,0,0,0,0,1,0
679,0.9,563.5,318.5,122.5,1,0.4,36.57,36.1,0,0,0,1,0,0,0,0,1,0
680,0.86,588.0,294.0,147.0,1,0.4,32.38,31.53,1,0,0,0,0,0,0,0,1,0
681,0.86,588.0,294.0,147.0,1,0.4,31.66,36.2,0,1,0,0,0,0,0,0,1,0
682,0.86,588.0,294.0,147.0,1,0.4,32.15,36.21,0,0,1,0,0,0,0,0,1,0
683,0.86,588.0,294.0,147.0,1,0.4,32.75,31.0,0,0,0,1,0,0,0,0,1,0
684,0.82,612.5,318.5,147.0,1,0.4,28.93,28.2,1,0,0,0,0,0,0,0,1,0
685,0.82,612.5,318.5,147.0,1,0.4,28.05,32.35,0,1,0,0,0,0,0,0,1,0
686,0.82,612.5,318.5,147.0,1,0.4,28.64,31.14,0,0,1,0,0,0,0,0,1,0
687,0.82,612.5,318.5,147.0,1,0.4,29.52,28.43,0,0,0,1,0,0,0,0,1,0
688,0.79,637.0,343.0,147.0,1,0.4,42.77,38.33,1,0,0,0,0,0,0,0,1,0
689,0.79,637.0,343.0,147.0,1,0.4,41.73,47.59,0,1,0,0,0,0,0,0,1,0
690,0.79,637.0,343.0,147.0,1,0.4,41.32,46.23,0,0,1,0,0,0,0,0,1,0
691,0.79,637.0,343.0,147.0,1,0.4,42.96,39.56,0,0,0,1,0,0,0,0,1,0
692,0.76,661.5,416.5,122.5,1,0.4,40.68,40.36,1,0,0,0,0,0,0,0,1,0
693,0.76,661.5,416.5,122.5,1,0.4,40.4,39.67,0,1,0,0,0,0,0,0,1,0
694,0.76,661.5,416.5,122.5,1,0.4,40.6,39.85,0,0,1,0,0,0,0,0,1,0
695,0.76,661.5,416.5,122.5,1,0.4,40.11,40.77,0,0,0,1,0,0,0,0,1,0
696,0.74,686.0,245.0,220.5,0,0.4,14.37,16.61,1,0,0,0,0,0,0,0,1,0
697,0.74,686.0,245.0,220.5,0,0.4,14.48,16.74,0,1,0,0,0,0,0,0,1,0
698,0.74,686.0,245.0,220.5,0,0.4,14.32,16.9,0,0,1,0,0,0,0,0,1,0
699,0.74,686.0,245.0,220.5,0,0.4,14.44,17.32,0,0,0,1,0,0,0,0,1,0
700,0.71,710.5,269.5,220.5,0,0.4,14.6,16.85,1,0,0,0,0,0,0,0,1,0
701,0.71,710.5,269.5,220.5,0,0.4,14.7,17.2,0,1,0,0,0,0,0,0,1,0
702,0.71,710.5,269.5,220.5,0,0.4,14.47,17.23,0,0,1,0,0,0,0,0,1,0
703,0.71,710.5,269.5,220.5,0,0.4,14.66,17.74,0,0,0,1,0,0,0,0,1,0
704,0.69,735.0,294.0,220.5,0,0.4,14.54,16.81,1,0,0,0,0,0,0,0,1,0
705,0.69,735.0,294.0,220.5,0,0.4,14.62,16.88,0,1,0,0,0,0,0,0,1,0
706,0.69,735.0,294.0,220.5,0,0.4,14.53,16.9,0,0,1,0,0,0,0,0,1,0
707,0.69,735.0,294.0,220.5,0,0.4,14.71,17.39,0,0,0,1,0,0,0,0,1,0
708,0.66,759.5,318.5,220.5,0,0.4,15.34,17.86,1,0,0,0,0,0,0,0,1,0
709,0.66,759.5,318.5,220.5,0,0.4,15.29,17.82,0,1,0,0,0,0,0,0,1,0
710,0.66,759.5,318.5,220.5,0,0.4,15.09,18.36,0,0,1,0,0,0,0,0,1,0
711,0.66,759.5,318.5,220.5,0,0.4,15.3,18.24,0,0,0,1,0,0,0,0,1,0
712,0.64,784.0,343.0,220.5,0,0.4,19.06,21.68,1,0,0,0,0,0,0,0,1,0
713,0.64,784.0,343.0,220.5,0,0.4,19.13,21.54,0,1,0,0,0,0,0,0,1,0
714,0.64,784.0,343.0,220.5,0,0.4,19.0,22.25,0,0,1,0,0,0,0,0,1,0
715,0.64,784.0,343.0,220.5,0,0.4,18.84,22.49,0,0,0,1,0,0,0,0,1,0
716,0.62,808.5,367.5,220.5,0,0.4,16.44,17.1,1,0,0,0,0,0,0,0,1,0
717,0.62,808.5,367.5,220.5,0,0.4,16.9,16.79,0,1,0,0,0,0,0,0,1,0
718,0.62,808.5,367.5,220.5,0,0.4,16.94,16.58,0,0,1,0,0,0,0,0,1,0
719,0.62,808.5,367.5,220.5,0,0.4,16.77,16.79,0,0,0,1,0,0,0,0,1,0
720,0.98,514.5,294.0,110.25,1,0.4,32.84,32.88,1,0,0,0,0,0,0,0,0,1
721,0.98,514.5,294.0,110.25,1,0.4,32.72,33.23,0,1,0,0,0,0,0,0,0,1
722,0.98,514.5,294.0,110.25,1,0.4,32.21,33.76,0,0,1,0,0,0,0,0,0,1
723,0.98,514.5,294.0,110.25,1,0.4,32.73,34.01,0,0,0,1,0,0,0,0,0,1
724,0.9,563.5,318.5,122.5,1,0.4,35.67,33.94,1,0,0,0,0,0,0,0,0,1
725,0.9,563.5,318.5,122.5,1,0.4,35.01,33.14,0,1,0,0,0,0,0,0,0,1
726,0.9,563.5,318.5,122.5,1,0.4,34.72,38.79,0,0,1,0,0,0,0,0,0,1
727,0.9,563.5,318.5,122.5,1,0.4,35.24,37.27,0,0,0,1,0,0,0,0,0,1
728,0.86,588.0,294.0,147.0,1,0.4,32.31,29.69,1,0,0,0,0,0,0,0,0,1
729,0.86,588.0,294.0,147.0,1,0.4,31.81,31.2,0,1,0,0,0,0,0,0,0,1
730,0.86,588.0,294.0,147.0,1,0.4,31.12,36.26,0,0,1,0,0,0,0,0,0,1
731,0.86,588.0,294.0,147.0,1,0.4,32.06,35.71,0,0,0,1,0,0,0,0,0,1
732,0.82,612.5,318.5,147.0,1,0.4,30.0,29.93,1,0,0,0,0,0,0,0,0,1
733,0.82,612.5,318.5,147.0,1,0.4,29.5,29.56,0,1,0,0,0,0,0,0,0,1
734,0.82,612.5,318.5,147.0,1,0.4,29.06,33.84,0,0,1,0,0,0,0,0,0,1
735,0.82,612.5,318.5,147.0,1,0.4,29.92,32.54,0,0,0,1,0,0,0,0,0,1
736,0.79,637.0,343.0,147.0,1,0.4,42.11,38.56,1,0,0,0,0,0,0,0,0,1
737,0.79,637.0,343.0,147.0,1,0.4,41.96,37.7,0,1,0,0,0,0,0,0,0,1
738,0.79,637.0,343.0,147.0,1,0.4,41.09,47.01,0,0,1,0,0,0,0,0,0,1
739,0.79,637.0,343.0,147.0,1,0.4,40.79,44.87,0,0,0,1,0,0,0,0,0,1
740,0.76,661.5,416.5,122.5,1,0.4,38.82,39.37,1,0,0,0,0,0,0,0,0,1
741,0.76,661.5,416.5,122.5,1,0.4,39.72,39.8,0,1,0,0,0,0,0,0,0,1
742,0.76,661.5,416.5,122.5,1,0.4,39.31,37.79,0,0,1,0,0,0,0,0,0,1
743,0.76,661.5,416.5,122.5,1,0.4,39.86,38.18,0,0,0,1,0,0,0,0,0,1
744,0.74,686.0,245.0,220.5,0,0.4,14.41,16.69,1,0,0,0,0,0,0,0,0,1
745,0.74,686.0,245.0,220.5,0,0.4,14.19,16.62,0,1,0,0,0,0,0,0,0,1
746,0.74,686.0,245.0,220.5,0,0.4,14.17,16.94,0,0,1,0,0,0,0,0,0,1
747,0.74,686.0,245.0,220.5,0,0.4,14.39,16.7,0,0,0,1,0,0,0,0,0,1
748,0.71,710.5,269.5,220.5,0,0.4,12.43,15.59,1,0,0,0,0,0,0,0,0,1
749,0.71,710.5,269.5,220.5,0,0.4,12.63,14.58,0,1,0,0,0,0,0,0,0,1
750,0.71,710.5,269.5,220.5,0,0.4,12.76,15.33,0,0,1,0,0,0,0,0,0,1
751,0.71,710.5,269.5,220.5,0,0.4,12.42,15.31,0,0,0,1,0,0,0,0,0,1
752,0.69,735.0,294.0,220.5,0,0.4,14.12,16.63,1,0,0,0,0,0,0,0,0,1
753,0.69,735.0,294.0,220.5,0,0.4,14.28,15.87,0,1,0,0,0,0,0,0,0,1
754,0.69,735.0,294.0,220.5,0,0.4,14.37,16.54,0,0,1,0,0,0,0,0,0,1
755,0.69,735.0,294.0,220.5,0,0.4,14.21,16.74,0,0,0,1,0,0,0,0,0,1
756,0.66,759.5,318.5,220.5,0,0.4,14.96,17.64,1,0,0,0,0,0,0,0,0,1
757,0.66,759.5,318.5,220.5,0,0.4,14.92,17.79,0,1,0,0,0,0,0,0,0,1
758,0.66,759.5,318.5,220.5,0,0.4,14.92,17.55,0,0,1,0,0,0,0,0,0,1
759,0.66,759.5,318.5,220.5,0,0.4,15.16,18.06,0,0,0,1,0,0,0,0,0,1
760,0.64,784.0,343.0,220.5,0,0.4,17.69,20.82,1,0,0,0,0,0,0,0,0,1
761,0.64,784.0,343.0,220.5,0,0.4,18.19,20.21,0,1,0,0,0,0,0,0,0,1
762,0.64,784.0,343.0,220.5,0,0.4,18.16,20.71,0,0,1,0,0,0,0,0,0,1
763,0.64,784.0,343.0,220.5,0,0.4,17.88,21.4,0,0,0,1,0,0,0,0,0,1
764,0.62,808.5,367.5,220.5,0,0.4,16.54,16.88,1,0,0,0,0,0,0,0,0,1
765,0.62,808.5,367.5,220.5,0,0.4,16.44,17.11,0,1,0,0,0,0,0,0,0,1
766,0.62,808.5,367.5,220.5,0,0.4,16.48,16.61,0,0,1,0,0,0,0,0,0,1
767,0.62,808.5,367.5,220.5,0,0.4,16.64,16.03,0,0,0,1,0,0,0,0,0,1
